<?xml version='1.0' encoding='UTF-8'?>  
<!DOCTYPE hibernate-mapping PUBLIC  
"-//Hibernate/Hibernate Mapping DTD 5.3//EN"  
"http://hibernate.sourceforge.net/hibernate-mapping-5.3.dtd">  

<hibernate-mapping>  
<class name="P1.Question" table="question32">  
<id name="id">  
<generator class="increment"></generator>  
</id>  
<property name="question"></property>  

<list name="answer" table="answer32">  
<key column="qid"></key>  
<index column="type"></index>  
<element column="answer" type="string"></element>  
</list>  

</class>  

</hibernate-mapping>
