<?xml version='1.0' encoding='UTF-8'?>  
<!DOCTYPE hibernate-configuration PUBLIC  
"-//Hibernate/Hibernate Configuration DTD 5.3//EN"  
"http://hibernate.sourceforge.net/hibernate-configuration-5.3.dtd">  

<hibernate-configuration>  


<session-factory>  
<property name="hbm2ddl.auto">update</property>  
<property name="dialect">org.hibernate.dialect.PostgreSQLDialect</property>  
<property name="connection.url">jdbc:postgresql://localhost:5432/postgres</property>  
<property name="connection.username">postgres</property>  
<property name="connection.password">123</property>  
<property name="connection.driver_class">org.postgresql.Driver</property>  
<property name="show_sql">true</property>
 <property name="connection_pool">300</property>
<mapping resource="Student.hbm.xml"/>  
</session-factory>  
</hibernate-configuration>