<?xml version='1.0' encoding='UTF-8'?>  
<!DOCTYPE hibernate-mapping PUBLIC  
"-//Hibernate/Hibernate Mapping DTD 5.3//EN"  
"http://hibernate.sourceforge.net/hibernate-mapping-5.3.dtd">  

<hibernate-mapping>  
<class name="P1.Student" table="Student2">  
 <id name="roll" column="rollno">  
<generator class="assigned"></generator>  
</id> 

<property name="name" column="student_name"></property> 
<property name="course"></property>  
</class>  

</hibernate-mapping>  
________________________________________
